AnnotSV ID	SV chrom	SV start	SV end	SV length	SV type	AnnotSV type	Gene name	tx	CDS length	tx length	location	location2	intersectStart	intersectEnd	DGV_GAIN_IDs	DGV_GAIN_n_samples_with_SV	DGV_GAIN_n_samples_tested	DGV_GAIN_Frequency	DGV_LOSS_IDs	DGV_LOSS_n_samples_with_SV	DGV_LOSS_n_samples_tested	DGV_LOSS_Frequency	GD_ID	GD_AN	GD_N_HET	GD_N_HOMALT	GD_AF	GD_POPMAX_AF	GD_ID_others	DDD_SV	DDD_DUP_n_samples_with_SV	DDD_DUP_Frequency	DDD_DEL_n_samples_with_SV	DDD_DEL_Frequency	1000g_event	IMH_ID	IMH_AF	IMH_ID_others	promoters	dbVar_event	dbVar_variant	dbVar_status	TADcoordinates	ENCODEexperiments	GCcontent_left	GCcontent_right	Repeats_coord_left	Repeats_type_left	Repeats_coord_right	Repeats_type_right	EXOMISER_GENE_PHENO_SCORE	HUMAN_PHENO_EVIDENCE	MOUSE_PHENO_EVIDENCE	FISH_PHENO_EVIDENCE	ACMG	HI_CGscore	TriS_CGscore	DDD_status	DDD_mode	DDD_consequence	DDD_disease	DDD_pmids	HI_DDDpercent	delZ_ExAC	dupZ_ExAC	cnvZ_ExAC	synZ_ExAC	misZ_ExAC	pLI_ExAC	Mim Number	Phenotypes	Inheritance	morbidGenes	morbidGenesCandidates	AnnotSV ranking
14_20253739_20376267_DEL_1	14	20253739	20376267	-122528	DEL	full	OR4K2/OR4K3/OR4N2								gssvG10808,gssvG10810,gssvG10811,gssvG10814,gssvG10817,gssvG10821,gssvG10825	3197	22713	0.14075640	gssvL33512,gssvL33514,gssvL33518,gssvL33520,gssvL33526	1135	22084	0.05139467					-1	-1		14:18491454-20377806;14:19862435-20410450	103	0.121893491	263	0.311242604			-1		OR4K2/OR4K3/OR4N2				14:20280001-21560000;14:20280001-22200000;14:20280001-25000000	ENCFF248DGB:ENCFF336WPU	0.370	0.335					0.0000												71.98				-1.21941881165865	-2.94063607433517	0.309070285824458						1
14_20253739_20376267_DEL_1	14	20253739	20376267	-122528	DEL	split	OR4K2	NM_001005501	945	945	txStart-txEnd	5'UTR-3'UTR	20344426	20345371	gssvG10808,gssvG10810,gssvG10811,gssvG10814,gssvG10817,gssvG10825,gssvG10827	4547	24291	0.18718867	gssvL33512,gssvL33514,gssvL33518,gssvL33520,gssvL33526,gssvL33531	1143	22084	0.05175693					-1	-1		14:18491454-20377806;14:19862435-20410450;14:20304015-20417084	103	0.121893491	263	0.311242604	<CN2>/<CN3>/<CN4>		-1														0.0000												60.71				-1.21941881165865	-5.23534519063231	7.71418964764047e-06						1
14_20253739_20376267_DEL_1	14	20253739	20376267	-122528	DEL	split	OR4K3	NM_001348266	947	977	txStart-txEnd	5'UTR-3'UTR	20336355	20337332	gssvG10808,gssvG10810,gssvG10811,gssvG10814,gssvG10817,gssvG10821,gssvG10825,gssvG10838,gssvG10827	4550	24291	0.18731217	gssvL33512,gssvL33514,gssvL33518,gssvL33520,gssvL33527,gssvL33526,gssvL33531	1148	22093	0.05196216					-1	-1		14:18491454-20377806;14:19862435-20410450;14:20304015-20417084	103	0.121893491	263	0.311242604	<CN2>/<CN3>/<CN4>		-1														0.0000																								1
14_20253739_20376267_DEL_1	14	20253739	20376267	-122528	DEL	split	OR4N2	NM_001004723	924	26484	txStart-txEnd	5'UTR-3'UTR	20271928	20298412	gssvG10808,gssvG10810,gssvG10811,gssvG10814,gssvG10817,gssvG10821,gssvG10825,gssvG10838	3198	22713	0.14080042	gssvL33512,gssvL33514,gssvL33518,gssvL33520,gssvL33527,gssvL33540,gssvL33546,gssvL33526	1149	22093	0.05200742					-1	-1		14:18491454-20377806;14:19862435-20410450	103	0.121893491	263	0.311242604			-1														0.0000												71.98				-3.10402972882865	-2.94063607433517	0.309070285824458						1
14_106665119_106763946_DEL_1	14	106665119	106763946	-98827	DEL	full	LINC00226								gssvG12029,gssvG12033,gssvG12035,gssvG12030,gssvG12046,gssvG12042,gssvG12054,gssvG12036	443	21616	0.02049408	gssvL37119,gssvL37121,gssvL37124,gssvL37132,gssvL37120,gssvL37129,gssvL37136,gssvL37156,gssvL37145	1410	25389	0.05553586					-1	-1		14:106544103-106916718;14:106687450-106819879	169	0.2	229	0.271005917		14:106326045-107178888_DEL;14:106329421-106926218_DEL;14:106329445-107169939_DEL;14:106330020-106829696_DEL;14:106330023-106993864_DEL;14:106330050-107218724_DEL;14:106330417-107042405_DEL;14:106330417-107113789_DEL;14:106330424-107178867_DEL;14:106330431-107218705_DEL;14:106330433-106967084_DEL;14:106330438-107034743_DEL;14:106330438-107169960_DEL;14:106330439-106926217_DEL;14:106330440-106815798_DEL;14:106330447-106757674_DEL;14:106330447-106791050_DEL;14:106330786-106926235_DEL;14:106331455-106757661_DEL;14:106331652-106805264_DEL;14:106331654-107198952_DEL;14:106350741-106974514_DEL;14:106357049-107169952_DEL;14:106357569-106877637_DEL;14:106363831-107183404_DEL;14:106373076-107078385_DEL;14:106382698-107218713_DEL;14:106382709-106757658_DEL;14:106621211-107014027_DEL	0.01724	14:106590902-107013925_DUP;14:106624500-107125719_DUP;14:106380193-106829618_INV;14:106382673-106877640_INV;14:106382679-106926196_INV	LINC00226						0.385	0.390			14:106763796-106763886	(TTAA)n	0.0000																								1
14_106665119_106763946_DEL_1	14	106665119	106763946	-98827	DEL	split	LINC00226	NR_033375	0	698	txStart-txEnd	UTR	106744268	106744966	gssvG12029,gssvG12033,gssvG12035,gssvG12030,gssvG12046,gssvG12042,gssvG12054,gssvG12036,gssvG12050,gssvG12063	594	21616	0.02747964	gssvL37119,gssvL37121,gssvL37124,gssvL37132,gssvL37120,gssvL37129,gssvL37136,gssvL37156,gssvL37145,gssvL37187,gssvL37134	1468	25389	0.05782032					-1	-1		14:106544103-106916718;14:106687450-106819879;14:106712866-106751060;14:106742057-106763946	169	0.2	229	0.271005917		14:106326045-107178888_DEL;14:106329421-106926218_DEL;14:106329445-107169939_DEL;14:106330020-106829696_DEL;14:106330023-106993864_DEL;14:106330050-107218724_DEL;14:106330417-107042405_DEL;14:106330417-107113789_DEL;14:106330424-107178867_DEL;14:106330431-107218705_DEL;14:106330433-106967084_DEL;14:106330438-107034743_DEL;14:106330438-107169960_DEL;14:106330439-106926217_DEL;14:106330440-106815798_DEL;14:106330447-106757674_DEL;14:106330447-106791050_DEL;14:106330786-106926235_DEL;14:106331455-106757661_DEL;14:106331652-106805264_DEL;14:106331654-107198952_DEL;14:106350741-106974514_DEL;14:106357049-107169952_DEL;14:106357569-106877637_DEL;14:106363831-107183404_DEL;14:106373076-107078385_DEL;14:106382698-107218713_DEL;14:106382709-106757658_DEL;14:106621211-107014027_DEL;14:106734385-106780347_DEL;14:106734704-106757656_DEL	0.01724	14:106590902-107013925_DUP;14:106624500-107125719_DUP;14:106733805-106759305_DUP;14:106380193-106829618_INV;14:106382673-106877640_INV;14:106382679-106926196_INV													0.0000																								1
15_20575646_22509254_DEL_1	15	20575646	22509254	-1933608	DEL	full	CXADRP2/FAM30C/GOLGA6L6/GOLGA8CP/HERC2P3/IGHV1OR15-1/IGHV1OR15-3/LINC01193/LINC02203/LOC101927079/LOC102723534/LOC102724760/LOC105369274/LOC642131/LOC646214/MIR3118-2/MIR3118-3/MIR3118-4/MIR5701-1/MIR5701-2/MIR5701-3/NBEAP1/NF1P2/OR4M2/OR4N3P/OR4N4/POTEB/POTEB2/POTEB3								gssvG12224,gssvG12223,gssvG12225	2997	20761	0.14435721	gssvL37815,gssvL37816,gssvL37817	1841	20759	0.08868443					-1	-1		15:20182202-22608281	31	0.036686391	49	0.057988166			-1		CXADRP2/FAM30C/GOLGA6L6/GOLGA8CP/HERC2P3/IGHV1OR15-1/IGHV1OR15-3/LINC01193/LINC02203/LOC101927079/LOC102723534/LOC102724760/LOC105369274/LOC642131/LOC646214/MIR3118-2/MIR3118-3/MIR3118-4/MIR5701-1/MIR5701-2/MIR5701-3/NBEAP1/NF1P2/OR4M2/OR4N3P/OR4N4/POTEB/POTEB2/POTEB3						0.245	0.420	15:20575622-20575645	AT_rich	15:22509093-22509175/15:22509348-22509435	Kanga1c/PABL_A	0.0000												93.81				2.22375841006203	2.58284576037233	0.578992746227394						1
15_20575646_22509254_DEL_1	15	20575646	22509254	-1933608	DEL	split	CXADRP2	NR_024387	0	2458	txStart-txEnd	UTR	22014420	22016878	gssvG12224,gssvG12223,gssvG12225,gssvG12254,gssvG12277	3018	20852	0.14473432	gssvL37815,gssvL37816,gssvL37817,gssvL37842,gssvL37851	1861	20759	0.08964786					-1	-1		15:20182202-22608281;15:21399089-22661412;15:21906622-22142846	69	0.081656805	101	0.119526627			-1														0.0000																								1
15_20575646_22509254_DEL_1	15	20575646	22509254	-1933608	DEL	split	FAM30C	NR_145444	0	46560	txStart-txEnd	UTR	21208605	21255165	gssvG12224,gssvG12223,gssvG12229,gssvG12245,gssvG12225,gssvG12255,gssvG12303	3046	20824	0.14627353	gssvL37815,gssvL37816,gssvL37822,gssvL37819,gssvL37817,gssvL37844,gssvL37865,gssvL37883	1900	20812	0.09129348					-1	-1		15:20144626-21266621;15:20182202-22608281;15:21069661-21311925;15:21200114-21268849	165	0.195266272	229	0.271005917			-1	15:20506591-21357026_INV													0.0000																								1
15_20575646_22509254_DEL_1	15	20575646	22509254	-1933608	DEL	split	GOLGA6L6	NM_001145004	2171	10021	txStart-txEnd	5'UTR-3'UTR	20737093	20747114	gssvG12224,gssvG12223,gssvG12228,gssvG12234,gssvG12237,gssvG12281	2830	20888	0.13548449	gssvL37815,gssvL37821,gssvL37816,gssvL37826,gssvL37822,gssvL37830	1723	20802	0.08282857	gnomAD-SV_v2.1_DEL_15_145826	21694	2695	1	0.12432000041007996	0.14736799895763397	gnomAD-SV_v2.1_DUP_15_39412;gnomAD-SV_v2.1_DUP_15_39415;gnomAD-SV_v2.1_DUP_15_39416;gnomAD-SV_v2.1_DUP_15_39417	15:20144626-21266621;15:20182202-22608281;15:20739575-20747023	165	0.195266272	229	0.271005917			-1	15:20506591-21357026_INV													0.0000												93.81				0.630577750419089	0.0606178603183018	0.09430547665864						1
15_20575646_22509254_DEL_1	15	20575646	22509254	-1933608	DEL	split	GOLGA8CP	NR_027411	0	13353	txStart-txEnd	UTR	20767673	20781026	gssvG12224,gssvG12223,gssvG12228,gssvG12234,gssvG12237,gssvG12281	2830	20888	0.13548449	gssvL37815,gssvL37821,gssvL37816,gssvL37826,gssvL37822,gssvL37830	1723	20802	0.08282857					-1	-1	gnomAD-SV_v2.1_DUP_15_39416	15:20144626-21266621;15:20182202-22608281	165	0.195266272	229	0.271005917			-1	15:20506591-21357026_INV													0.0000																								1
15_20575646_22509254_DEL_1	15	20575646	22509254	-1933608	DEL	split	HERC2P3	NR_036432	0	97784	txStart-txEnd	UTR	20613649	20711433	gssvG12224,gssvG12223,gssvG12228,gssvG12235,gssvG12234,gssvG12241,gssvG12251,gssvG12237	3109	20828	0.14927021	gssvL37815,gssvL37821,gssvL37816,gssvL37831,gssvL37826,gssvL37838,gssvL37822,gssvL37830	1831	20802	0.08802038					-1	-1		15:20144626-21266621;15:20182202-22608281	165	0.195266272	229	0.271005917			-1	15:20506591-21357026_INV													0.0000																								1
15_20575646_22509254_DEL_1	15	20575646	22509254	-1933608	DEL	split	IGHV1OR15-1	NR_135694	0	642	txStart-txEnd	UTR	22448239	22448881	gssvG12224,gssvG12223,gssvG12225,gssvG12232,gssvG12238,gssvG12244,gssvG12226,gssvG12258,gssvG12286,gssvG12250,gssvG12243,gssvG12305,gssvG12271	7273	25019	0.29069907	gssvL37815,gssvL37817,gssvL37827,gssvL37840,gssvL37832,gssvL37820,gssvL37818,gssvL37854,gssvL37833,gssvL37904,gssvL37849,gssvL37876	2781	26552	0.10473787					-1	-1		15:20182202-22608281;15:21399089-22661412;15:22307889-22657533;15:22308417-22455534;15:22411348-22577661	69	0.081656805	101	0.119526627	<CN2>/<CN3>/<CN4>/<CN5>		-1														0.0000																								1
15_20575646_22509254_DEL_1	15	20575646	22509254	-1933608	DEL	split	IGHV1OR15-3	NR_135666	0	742	txStart-txEnd	UTR	22465805	22466547	gssvG12223,gssvG12225,gssvG12232,gssvG12238,gssvG12244,gssvG12226,gssvG12258,gssvG12250,gssvG12243,gssvG12271,gssvG12262	6052	24932	0.24274025	gssvL37815,gssvL37817,gssvL37827,gssvL37840,gssvL37832,gssvL37820,gssvL37818,gssvL37854,gssvL37833,gssvL37849,gssvL37876	2777	26552	0.10458723					-1	-1		15:20182202-22608281;15:21399089-22661412;15:22307889-22657533;15:22411348-22577661	69	0.081656805	101	0.119526627	<CN2>/<CN3>/<CN4>/<CN5>		-1														0.0000																								1
15_20575646_22509254_DEL_1	15	20575646	22509254	-1933608	DEL	split	LINC01193	NR_040094	0	52867	txStart-txEnd	UTR	21145766	21198633	gssvG12224,gssvG12223,gssvG12229,gssvG12245,gssvG12225,gssvG12255,gssvG12275	3046	20824	0.14627353	gssvL37815,gssvL37816,gssvL37822,gssvL37819,gssvL37850,gssvL37817,gssvL37844,gssvL37865	1900	20812	0.09129348					-1	-1		15:20144626-21266621;15:20182202-22608281;15:21069661-21311925	165	0.195266272	229	0.271005917			-1	15:20506591-21357026_INV	LINC02203												0.0000																								1
15_20575646_22509254_DEL_1	15	20575646	22509254	-1933608	DEL	split	LINC02203	NR_015416	0	93079	txStart-txEnd	UTR	22278009	22371088	gssvG12224,gssvG12223,gssvG12225,gssvG12232,gssvG12263,gssvG12238,gssvG12244,gssvG12226	4577	23332	0.19616835	gssvL37815,gssvL37816,gssvL37817,gssvL37866,gssvL37827,gssvL37852,gssvL37840,gssvL37832,gssvL37882,gssvL37820	3062	25678	0.11924605					-1	-1		15:20182202-22608281;15:21399089-22661412;15:22107180-22361567	69	0.081656805	101	0.119526627			-1		LOC101927079/LOC105369274/OR4M2												0.0000																								1
15_20575646_22509254_DEL_1	15	20575646	22509254	-1933608	DEL	split	LOC101927079	NR_110480	0	105534	txStart-txEnd	UTR	22278030	22383564	gssvG12224,gssvG12223,gssvG12225,gssvG12232,gssvG12263,gssvG12238,gssvG12244,gssvG12226	4577	23332	0.19616835	gssvL37815,gssvL37816,gssvL37817,gssvL37827,gssvL37852,gssvL37840,gssvL37832,gssvL37820	3036	23174	0.13100889					-1	-1		15:20182202-22608281;15:21399089-22661412;15:22107180-22361567;15:22307889-22657533;15:22308417-22455534	69	0.081656805	101	0.119526627			-1		LOC101927079/LOC105369274/OR4M2/OR4N4																																				1
15_20575646_22509254_DEL_1	15	20575646	22509254	-1933608	DEL	split	LOC102723534	NR_160687	0	15482	txStart-txEnd	UTR	20711668	20727150	gssvG12224,gssvG12223,gssvG12228,gssvG12234,gssvG12251,gssvG12237,gssvG12281	2855	20888	0.13668135	gssvL37815,gssvL37821,gssvL37816,gssvL37826,gssvL37838,gssvL37822,gssvL37830	1801	20802	0.08657821					-1	-1	gnomAD-SV_v2.1_DUP_15_39412	15:20144626-21266621;15:20182202-22608281	165	0.195266272	229	0.271005917			-1	15:20506591-21357026_INV																																					1
15_20575646_22509254_DEL_1	15	20575646	22509254	-1933608	DEL	split	LOC102724760	NR_135695	0	642	txStart-txEnd	UTR	22448239	22448881	gssvG12224,gssvG12223,gssvG12225,gssvG12232,gssvG12238,gssvG12244,gssvG12226,gssvG12258,gssvG12286,gssvG12250,gssvG12243,gssvG12305,gssvG12271	7273	25019	0.29069907	gssvL37815,gssvL37817,gssvL37827,gssvL37840,gssvL37832,gssvL37820,gssvL37818,gssvL37854,gssvL37833,gssvL37904,gssvL37849,gssvL37876	2781	26552	0.10473787					-1	-1		15:20182202-22608281;15:21399089-22661412;15:22307889-22657533;15:22308417-22455534;15:22411348-22577661	69	0.081656805	101	0.119526627	<CN2>/<CN3>/<CN4>/<CN5>		-1																																						1
15_20575646_22509254_DEL_1	15	20575646	22509254	-1933608	DEL	split	LOC105369274	NM_001365389	1002	14425	txStart-txEnd	5'UTR-3'UTR	22369147	22383572	gssvG12224,gssvG12223,gssvG12225,gssvG12232,gssvG12263,gssvG12238,gssvG12244,gssvG12226,gssvG12265,gssvG12258,gssvG12390	6149	24932	0.24663084	gssvL37815,gssvL37816,gssvL37817,gssvL37827,gssvL37852,gssvL37840,gssvL37832,gssvL37820,gssvL37818,gssvL37854,gssvL37974,gssvL37964	3664	28469	0.12870139					-1	-1		15:20182202-22608281;15:21399089-22661412;15:22307889-22657533;15:22308417-22455534;15:22360685-22387071	69	0.081656805	101	0.119526627	<CN0>/<CN2>/<CN3>/<CN4>	15:22373079-22383652_DEL	0.2668		OR4N4																																				1
15_20575646_22509254_DEL_1	15	20575646	22509254	-1933608	DEL	split	LOC642131	NR_135667	0	742	txStart-txEnd	UTR	22465805	22466547	gssvG12223,gssvG12225,gssvG12232,gssvG12238,gssvG12244,gssvG12226,gssvG12258,gssvG12250,gssvG12243,gssvG12271,gssvG12262	6052	24932	0.24274025	gssvL37815,gssvL37817,gssvL37827,gssvL37840,gssvL37832,gssvL37820,gssvL37818,gssvL37854,gssvL37833,gssvL37849,gssvL37876	2777	26552	0.10458723					-1	-1		15:20182202-22608281;15:21399089-22661412;15:22307889-22657533;15:22411348-22577661	69	0.081656805	101	0.119526627	<CN2>/<CN3>/<CN4>/<CN5>		-1																																						1
15_20575646_22509254_DEL_1	15	20575646	22509254	-1933608	DEL	split	LOC646214	NR_027053	0	8226	txStart-txEnd	UTR	21932513	21940739	gssvG12224,gssvG12223,gssvG12225,gssvG12321,gssvG12254	6396	23248	0.27512044	gssvL37815,gssvL37816,gssvL37817,gssvL37842,gssvL37886	1859	20759	0.08955152					-1	-1		15:20182202-22608281;15:21399089-22661412;15:21904678-21949433;15:21906622-22142846;15:21932668-21945777	69	0.081656805	101	0.119526627			-1																																						1
15_20575646_22509254_DEL_1	15	20575646	22509254	-1933608	DEL	split	MIR3118-2	NR_036062	0	75	txStart-txEnd	UTR	21038123	21038198	gssvG12224,gssvG12223,gssvG12229,gssvG12256,gssvG12245	2680	20824	0.12869766	gssvL37815,gssvL37816,gssvL37822,gssvL37835,gssvL37819	1606	20812	0.07716702					-1	-1		15:20144626-21266621;15:20182202-22608281	165	0.195266272	229	0.271005917			-1	15:20506591-21357026_INV													0.0000																								1
15_20575646_22509254_DEL_1	15	20575646	22509254	-1933608	DEL	split	MIR3118-3	NR_036063	0	75	txStart-txEnd	UTR	21038123	21038198	gssvG12224,gssvG12223,gssvG12229,gssvG12256,gssvG12245	2680	20824	0.12869766	gssvL37815,gssvL37816,gssvL37822,gssvL37835,gssvL37819	1606	20812	0.07716702					-1	-1		15:20144626-21266621;15:20182202-22608281	165	0.195266272	229	0.271005917			-1	15:20506591-21357026_INV													0.0000																								1
15_20575646_22509254_DEL_1	15	20575646	22509254	-1933608	DEL	split	MIR3118-4	NR_036134	0	75	txStart-txEnd	UTR	21038123	21038198	gssvG12224,gssvG12223,gssvG12229,gssvG12256,gssvG12245	2680	20824	0.12869766	gssvL37815,gssvL37816,gssvL37822,gssvL37835,gssvL37819	1606	20812	0.07716702					-1	-1		15:20144626-21266621;15:20182202-22608281	165	0.195266272	229	0.271005917			-1	15:20506591-21357026_INV													0.0000																								1
15_20575646_22509254_DEL_1	15	20575646	22509254	-1933608	DEL	split	MIR5701-1	NR_049886	0	82	txStart-txEnd	UTR	21145580	21145662	gssvG12224,gssvG12223,gssvG12229,gssvG12245,gssvG12225,gssvG12270,gssvG12255,gssvG12275,gssvG12359	3471	22436	0.15470672	gssvL37815,gssvL37816,gssvL37822,gssvL37819,gssvL37850,gssvL37817,gssvL37844,gssvL37865	1900	20812	0.09129348					-1	-1		15:20144626-21266621;15:20182202-22608281;15:21059325-21162750;15:21069661-21311925;15:21130594-21164384	165	0.195266272	229	0.271005917			-1	15:20506591-21357026_INV													0.0000																								1
15_20575646_22509254_DEL_1	15	20575646	22509254	-1933608	DEL	split	MIR5701-2	NR_049895	0	82	txStart-txEnd	UTR	21145580	21145662	gssvG12224,gssvG12223,gssvG12229,gssvG12245,gssvG12225,gssvG12270,gssvG12255,gssvG12275,gssvG12359	3471	22436	0.15470672	gssvL37815,gssvL37816,gssvL37822,gssvL37819,gssvL37850,gssvL37817,gssvL37844,gssvL37865	1900	20812	0.09129348					-1	-1		15:20144626-21266621;15:20182202-22608281;15:21059325-21162750;15:21069661-21311925;15:21130594-21164384	165	0.195266272	229	0.271005917			-1	15:20506591-21357026_INV													0.0000																								1
15_20575646_22509254_DEL_1	15	20575646	22509254	-1933608	DEL	split	MIR5701-3	NR_128721	0	82	txStart-txEnd	UTR	21145580	21145662	gssvG12224,gssvG12223,gssvG12229,gssvG12245,gssvG12225,gssvG12270,gssvG12255,gssvG12275,gssvG12359	3471	22436	0.15470672	gssvL37815,gssvL37816,gssvL37822,gssvL37819,gssvL37850,gssvL37817,gssvL37844,gssvL37865	1900	20812	0.09129348					-1	-1		15:20144626-21266621;15:20182202-22608281;15:21059325-21162750;15:21069661-21311925;15:21130594-21164384	165	0.195266272	229	0.271005917			-1	15:20506591-21357026_INV													0.0000																								1
15_20575646_22509254_DEL_1	15	20575646	22509254	-1933608	DEL	split	NBEAP1	NR_027992	0	86684	txStart-txEnd	UTR	20874796	20961480	gssvG12224,gssvG12223,gssvG12229,gssvG12246	2672	20824	0.12831348	gssvL37815,gssvL37821,gssvL37816,gssvL37822,gssvL37835	1631	20811	0.07837201					-1	-1		15:20144626-21266621;15:20182202-22608281;15:20870483-21021585	165	0.195266272	229	0.271005917			-1	15:20506591-21357026_INV													0.0000																								1
15_20575646_22509254_DEL_1	15	20575646	22509254	-1933608	DEL	split	NF1P2	NR_028506	0	12622	txStart-txEnd	UTR	22133180	22145802	gssvG12224,gssvG12223,gssvG12225	2997	20761	0.14435721	gssvL37815,gssvL37816,gssvL37817	1841	20759	0.08868443					-1	-1		15:20182202-22608281;15:21399089-22661412;15:21906622-22142846;15:22107180-22361567;15:22112199-22155068	69	0.081656805	101	0.119526627			-1														0.0000																								1
15_20575646_22509254_DEL_1	15	20575646	22509254	-1933608	DEL	split	OR4M2	NM_001004719	942	1084	txStart-txEnd	5'UTR-3'UTR	22368477	22369561	gssvG12224,gssvG12223,gssvG12225,gssvG12232,gssvG12263,gssvG12238,gssvG12244,gssvG12226,gssvG12265,gssvG12258,gssvG12334	6769	24932	0.27149848	gssvL37815,gssvL37816,gssvL37817,gssvL37827,gssvL37852,gssvL37840,gssvL37832,gssvL37820,gssvL37818,gssvL37913,gssvL37854	3112	26552	0.11720398					-1	-1		15:20182202-22608281;15:21399089-22661412;15:22307889-22657533;15:22308417-22455534;15:22360685-22387071;15:22364080-22372622	69	0.081656805	101	0.119526627	<CN2>/<CN3>/<CN4>/<CN5>/<CN6>		-1		LOC105369274												0.0000												76.23												1
15_20575646_22509254_DEL_1	15	20575646	22509254	-1933608	DEL	split	OR4N3P	NR_028067	0	934	txStart-txEnd	UTR	22413461	22414395	gssvG12224,gssvG12223,gssvG12225,gssvG12232,gssvG12238,gssvG12244,gssvG12226,gssvG12265,gssvG12258,gssvG12286,gssvG12250,gssvG12243	6879	24932	0.27591048	gssvL37815,gssvL37817,gssvL37827,gssvL37840,gssvL37832,gssvL37820,gssvL37818,gssvL37854,gssvL37885,gssvL37833,gssvL37904,gssvL37849	2780	26552	0.10470021					-1	-1		15:20182202-22608281;15:21399089-22661412;15:22307889-22657533;15:22308417-22455534;15:22411348-22577661	69	0.081656805	101	0.119526627	<CN2>/<CN3>/<CN4>/<CN5>		-1														0.0000																								1
15_20575646_22509254_DEL_1	15	20575646	22509254	-1933608	DEL	split	OR4N4	NM_001005241	951	1434	txStart-txEnd	5'UTR-3'UTR	22382381	22383815	gssvG12224,gssvG12223,gssvG12225,gssvG12232,gssvG12263,gssvG12238,gssvG12244,gssvG12226,gssvG12265,gssvG12258,gssvG12286,gssvG12250,gssvG12243	6892	24932	0.27643189	gssvL37815,gssvL37816,gssvL37817,gssvL37827,gssvL37852,gssvL37840,gssvL37832,gssvL37820,gssvL37818,gssvL37854,gssvL37974,gssvL37964,gssvL37885	3667	28469	0.12880677					-1	-1		15:20182202-22608281;15:21399089-22661412;15:22307889-22657533;15:22308417-22455534;15:22360685-22387071;15:22379003-22383497;15:22381849-22383497	69	0.081656805	101	0.119526627		15:22373079-22383652_DEL	0.2668														0.0000												75.33				-0.271906921498889	-0.565772314050669	0.016224973471647						1
15_20575646_22509254_DEL_1	15	20575646	22509254	-1933608	DEL	split	POTEB	NM_001277304	1635	31407	txStart-txEnd	5'UTR-3'UTR	22051852	22083259	gssvG12224,gssvG12223,gssvG12225,gssvG12254,gssvG12277,gssvG12330	3018	20852	0.14473432	gssvL37815,gssvL37816,gssvL37817,gssvL37842,gssvL37851,gssvL37864	1867	20759	0.08993689					-1	-1		15:20182202-22608281;15:21399089-22661412;15:21906622-22142846	69	0.081656805	101	0.119526627			-1		POTEB/POTEB2												0.0000												91.86												1
15_20575646_22509254_DEL_1	15	20575646	22509254	-1933608	DEL	split	POTEB2	NM_001277303	1635	30951	txStart-txEnd	5'UTR-3'UTR	22051852	22082803	gssvG12224,gssvG12223,gssvG12225,gssvG12254,gssvG12277,gssvG12330	3018	20852	0.14473432	gssvL37815,gssvL37816,gssvL37817,gssvL37842,gssvL37851,gssvL37864	1867	20759	0.08993689					-1	-1		15:20182202-22608281;15:21399089-22661412;15:21906622-22142846	69	0.081656805	101	0.119526627			-1														0.0000												92.58				2.22375841006203	2.58284576037233	0.578992746227394						1
15_20575646_22509254_DEL_1	15	20575646	22509254	-1933608	DEL	split	POTEB3	NM_207355	1635	34970	txStart-txEnd	5'UTR-3'UTR	22048289	22083259	gssvG12224,gssvG12223,gssvG12225,gssvG12254,gssvG12277,gssvG12330	3018	20852	0.14473432	gssvL37815,gssvL37816,gssvL37817,gssvL37842,gssvL37851,gssvL37864	1867	20759	0.08993689					-1	-1		15:20182202-22608281;15:21399089-22661412;15:21906622-22142846	69	0.081656805	101	0.119526627			-1		MIR3118-2/MIR3118-3/MIR3118-4/POTEB/POTEB2												0.0000																								1
15_46866621_47028952_DUP_1	15	46866621	47028952	162331	DUP	full										0	0	-1		0	0	-1	gnomAD-SV_v2.1_DUP_15_40014	21694	2	0	9.200000204145908e-05	0.0004140000091865659	gnomAD-SV_v2.1_DEL_15_147441			-1		-1		15:46781492-47191291_DUP	0.0001188	15:40414147-64343008_INV;15:41853703-76553742_INV;15:41859872-76553211_INV;15:41860713-76553027_INV;15:41861791-76552734_INV;15:41862486-76552776_INV;15:41864024-76552620_INV							0.350	0.405			15:47028811-47028921	MamSINE1																									2
16_29673954_30198600_DEL_1	16	29673954	30198600	-524646	DEL	full	ALDOA/ASPHD1/C16orf54/C16orf92/CDIPT/CDIPTOSP/CORO1A/DOC2A/GDPD3/HIRIP3/INO80E/KCTD13/KIF22/LOC101928595/LOC112694756/MAPK3/MAZ/MVP/PAGR1/PPP4C/PRRT2/QPRT/SEZ6L2/SPN/TAOK2/TBX6/TLCD3B/TMEM219/YPEL3/ZG16									0	0	-1	gssvL43587	6	19585	0.00030636	gnomAD-SV_v2.1_DEL_16_153644	20514	3	0	0.00014600000577047467	0.00021699999342672527	gnomAD-SV_v2.1_DUP_16_41951;gnomAD-SV_v2.1_INV_16_713	16:29651706-30199578	0	0	1	0.001183432			-1	16:24121263-80276578_INV;16:29238284-88227116_INV;16:29747730-31621510_INV	ALDOA/ASPHD1/C16orf54/C16orf92/CDIPT/CDIPTOSP/CORO1A/DOC2A/GDPD3/HIRIP3/INO80E/KCTD13/KIF22/LOC101928595/LOC112694756/MAPK3/MAZ/MVP/PAGR1/PPP4C/PRRT2/QPRT/SEZ6L2/SPN/TAOK2/TBX6/TLCD3B/TMEM219/YPEL3/ZG16	copy_number_gain;copy_number_loss;deletion;duplication	nssv1184545;nssv13638568;nssv13638589;nssv13638590;nssv13638669;nssv13638792;nssv13638810;nssv13638852;nssv13638857;nssv13638874;nssv13638934;nssv13639104;nssv13639177;nssv13639256;nssv13639488;nssv13639498;nssv13639532;nssv13639621;nssv13639629;nssv13639733;nssv13639859;nssv13639918;nssv13640056;nssv13640085;nssv13640101;nssv13640344;nssv13640363;nssv13640367;nssv13640389;nssv13641266;nssv13641490;nssv13641510;nssv13642267;nssv13642356;nssv13642414;nssv13642615;nssv13642856;nssv13642861;nssv13642869;nssv13643001;nssv13643138;nssv13643165;nssv13643371;nssv13643530;nssv13643778;nssv13643887;nssv13643999;nssv13644018;nssv13644382;nssv13644825;nssv13645157;nssv13645416;nssv13645651;nssv13645783;nssv13646257;nssv13646414;nssv13647145;nssv13647148;nssv13647528;nssv13648099;nssv13648315;nssv13648705;nssv13649144;nssv13649165;nssv13649492;nssv13649593;nssv13649806;nssv13650027;nssv13650466;nssv13650578;nssv13650921;nssv13650930;nssv13651773;nssv13652061;nssv13652880;nssv13652911;nssv13653197;nssv13653519;nssv13653780;nssv13654165;nssv13654548;nssv13654787;nssv13655170;nssv13655636;nssv13655886;nssv13656080;nssv13656289;nssv14081976;nssv14082023;nssv14082110;nssv14082155;nssv14082160;nssv14082202;nssv14082234;nssv14082488;nssv14082518;nssv1415099;nssv1415102;nssv1415105;nssv1415128;nssv1415163;nssv1415165;nssv1415272;nssv1415293;nssv1415349;nssv1415363;nssv1494996;nssv1494997;nssv1495011;nssv1495013;nssv1495017;nssv1495021;nssv1495022;nssv1495745;nssv1495746;nssv1495749;nssv1495750;nssv1495751;nssv1495755;nssv1495756;nssv1495757;nssv15122612;nssv15122623;nssv15124092;nssv15124156;nssv15124204;nssv15124327;nssv15124335;nssv15124389;nssv15124410;nssv15125734;nssv15126492;nssv15127812;nssv15128223;nssv15128944;nssv15129000;nssv15130144;nssv15130145;nssv15130863;nssv15131049;nssv15131534;nssv15131799;nssv15131804;nssv15131805;nssv15131806;nssv15131807;nssv15131808;nssv15131809;nssv15131810;nssv15131817;nssv15132259;nssv15132490;nssv15132491;nssv15132492;nssv15132516;nssv15132742;nssv15132743;nssv15132857;nssv15133012;nssv15133013;nssv15133014;nssv15133015;nssv15133016;nssv15133023;nssv15133138;nssv15133251;nssv15133252;nssv15133253;nssv15133258;nssv15133259;nssv15133260;nssv15133336;nssv15133709;nssv15133913;nssv15133994;nssv15134487;nssv15134524;nssv15135477;nssv15135519;nssv15135520;nssv15135763;nssv15135833;nssv15136017;nssv15136075;nssv15136119;nssv15136548;nssv15136933;nssv15136980;nssv15137139;nssv15137387;nssv15137442;nssv15137493;nssv15137786;nssv15138125;nssv15138206;nssv15138240;nssv15138247;nssv15138260;nssv15138368;nssv15138815;nssv15138851;nssv15138859;nssv15139178;nssv15139186;nssv15139286;nssv15139314;nssv15139331;nssv15139386;nssv15139444;nssv15139464;nssv15139688;nssv15139689;nssv15139693;nssv15139866;nssv15139882;nssv15139983;nssv15140029;nssv15140838;nssv15141013;nssv15141465;nssv15141548;nssv15141626;nssv15141886;nssv15142068;nssv15142147;nssv15142378;nssv15144790;nssv15145031;nssv15145208;nssv15145209;nssv15145210;nssv15145448;nssv15146161;nssv15146594;nssv15147894;nssv15147912;nssv15148667;nssv15149170;nssv15149236;nssv15149307;nssv15149358;nssv15149723;nssv15149766;nssv15149948;nssv15149985;nssv15149989;nssv15150290;nssv15150386;nssv15150469;nssv15150662;nssv15150783;nssv15150822;nssv15150851;nssv15151135;nssv15151251;nssv15151286;nssv15152162;nssv15152414;nssv15152415;nssv15152416;nssv15154797;nssv15154798;nssv15154799;nssv15154800;nssv15160679;nssv15161600;nssv15605821;nssv15606044;nssv15606045;nssv15606046;nssv15606047;nssv15606048;nssv15606049;nssv15606055;nssv15606068;nssv15670330;nssv15682129;nssv15755150;nssv15755152;nssv15755162;nssv15755691;nssv15770221;nssv15770731;nssv1601537;nssv1601748;nssv1601749;nssv1601812;nssv1601973;nssv1602154;nssv1602222;nssv1602544;nssv1602702;nssv1602718;nssv1602935;nssv1602969;nssv1603183;nssv1603187;nssv1603195;nssv1603615;nssv1604000;nssv1604026;nssv1604150;nssv1604353;nssv1604363;nssv1604368;nssv1604378;nssv1604386;nssv1608181;nssv1608182;nssv1608696;nssv1608844;nssv1608882;nssv1608929;nssv16091741;nssv16091742;nssv1609457;nssv1609606;nssv1609784;nssv1610093;nssv1610429;nssv1610496;nssv16215064;nssv3394948;nssv3394965;nssv3394974;nssv3395009;nssv3395067;nssv3395097;nssv3395287;nssv3395419;nssv3395446;nssv3395701;nssv3395995;nssv3396122;nssv3396270;nssv3396273;nssv3396548;nssv3396637;nssv3396705;nssv3396708;nssv3396770;nssv3396871;nssv3396928;nssv3396991;nssv3397059;nssv3397088;nssv3397231;nssv3397234;nssv3397308;nssv3397309;nssv3397351;nssv3397382;nssv575388;nssv575433;nssv575518;nssv575672;nssv575706;nssv575813;nssv575862;nssv575961;nssv576302;nssv576303;nssv576388;nssv576439;nssv579324;nssv579327;nssv579328;nssv579329;nssv579330;nssv579331;nssv579332;nssv579334;nssv579335;nssv579338;nssv579339;nssv579340;nssv579341;nssv579344;nssv579349;nssv579351;nssv579352;nssv579353;nssv579803;nssv579804;nssv579805;nssv579806;nssv579807;nssv579808;nssv579810;nssv579811;nssv579812;nssv579813;nssv579814;nssv579816;nssv579817;nssv579818;nssv579819;nssv579821;nssv579822;nssv579823;nssv579824;nssv579825;nssv579826;nssv579827;nssv579828;nssv579829;nssv579830;nssv579832;nssv579834;nssv579835;nssv579836;nssv579837;nssv579838;nssv579839;nssv579840;nssv579841;nssv579843;nssv579844;nssv579845;nssv579846;nssv579847;nssv579848;nssv579849;nssv579851;nssv579855;nssv579856;nssv579857;nssv579860;nssv579861;nssv579862;nssv579863;nssv579865;nssv579866;nssv579867;nssv579868;nssv579869;nssv582293;nssv582294;nssv582309;nssv582456;nssv582528;nssv582574;nssv582603;nssv582635;nssv582680;nssv582742;nssv582751;nssv582752;nssv582769;nssv582805;nssv582819;nssv582848;nssv582908;nssv583041;nssv583159;nssv583194;nssv583205;nssv583264;nssv583601;nssv583604;nssv583618;nssv584092;nssv584347;nssv584360;nssv584532;nssv584533;nssv584536;nssv584549;nssv585169;nssv585196;nssv585251;nssv701329;nssv706301;nssv706379;nssv706414;nssv706416;nssv706417;nssv706634;nssv707135;nssv707139;nssv707154;nssv707155;nssv707174;nssv707181;nssv855484;nssv8618466;nssv8618678;nssv8618842;nssv8619045;nssv8619254;nssv8619271;nssv8619338;nssv8619606;nssv8619613;nssv8619619;nssv8619634;nssv8619652;nssv8619735;nssv8619863;nssv8619948;nssv8619951;nssv8620178;nssv8620211;nssv8620493;nssv8620498;nssv8620669;nssv8621261;nssv8621354;nssv8621574;nssv8621885;nssv8621894;nssv8622059;nssv8622120;nssv8622141;nssv8622312;nssv8622432;nssv8622588;nssv8622595;nssv8623070;nssv8623287;nssv8623522;nssv8623617;nssv8623709;nssv8623754;nssv8624202;nssv8624290;nssv8624463;nssv8624486;nssv8624711;nssv8624814;nssv8625004;nssv8625036;nssv8625218;nssv8625239;nssv8625597;nssv8625815;nssv8626169;nssv8626538;nssv8626563;nssv8626627;nssv8626882;nssv8626951;nssv8626966;nssv8627079;nssv8627122;nssv8627258;nssv8627301;nssv8627493;nssv8627523;nssv8627606;nssv8627996;nssv8628003;nssv8628095;nssv8628223;nssv8628279;nssv8628401;nssv8628402;nssv8628426;nssv8628441;nssv8628583;nssv8628667;nssv8628754;nssv8628993;nssv8629013;nssv8629052;nssv8629060;nssv8629087;nssv8629388;nssv8629529;nssv8629653;nssv8629863;nssv8630009;nssv8630040;nssv8630174;nssv8630217;nssv8630275;nssv8630486;nssv8630519;nssv8630577;nssv8630654;nssv8630708;nssv8630907;nssv8631072;nssv8631094;nssv8631157;nssv8631217;nssv8631326;nssv8631845;nssv8631896;nssv8631949;nssv8632001;nssv8632092;nssv8632246;nssv8632327;nssv8633059;nssv8633162;nssv8633347;nssv8633717;nssv8633768;nssv8634134;nssv8634233;nssv8634291;nssv8634306;nssv8634361;nssv8634405;nssv8634474;nssv8634488;nssv8634535;nssv8634651;nssv8634675;nssv8634796;nssv8634828;nssv8635013;nssv8635022;nssv8635186;nssv8635218;nssv8635234;nssv8639379;nssv8639908;nssv8639917;nssv8639949	Likely pathogenic;Pathogenic;Pathogenic/Likely pathogenic	16:29720001-30320000;16:29880001-30000000;16:29960001-31000000;16:29960001-32200000;16:30120001-30880000;16:30120001-30960000	ENCFF136AUY:ENCFF274VJU:ENCFF310FEU:ENCFF531PAV:ENCFF558RGV:ENCFF588KUZ:ENCFF701HCM:ENCFF898HOT:ENCFF931RKD:ENCFF996RJN	0.460	0.605	16:29673672-29673955	AluSp			0.4732												98.75	-1.72971111424726	-1.83657646193973	-1.97546823234909	1.59049659620789	4.40265726840975	0.999144075970291	103850;605000;603213;157700;614386;602635;602427			yes	yes	5
16_29673954_30198600_DEL_1	16	29673954	30198600	-524646	DEL	split	ALDOA	NM_001243177	1257	6448	txStart-txEnd	5'UTR-3'UTR	30077080	30083528		0	0	-1	gssvL43587	6	19585	0.00030636	gnomAD-SV_v2.1_DEL_16_153644	20514	3	0	0.00014600000577047467	0.00021699999342672527	gnomAD-SV_v2.1_DUP_16_41951;gnomAD-SV_v2.1_INV_16_713	16:29651706-30199578	0	0	1	0.001183432			-1	16:24121263-80276578_INV;16:29238284-88227116_INV;16:29747730-31621510_INV													0.2351	Epicanthus / Glycogen storage disease XII / Hypopigmented skin patches				30	Not yet evaluated	confirmed	biallelic	all missense/in frame	GLYCOGEN STORAGE DISEASE XII	2825199;8598869	11.28	-2.62354415217069	-2.25110778700762	-2.38136231257366	-1.60355714684696	0.72834701287173	0.0808095030420439	103850	Glycogen storage disease XII, 611881 (3)	AR	yes		4
16_29673954_30198600_DEL_1	16	29673954	30198600	-524646	DEL	split	ASPHD1	NM_181718	1173	5569	txStart-txEnd	5'UTR-3'UTR	29911808	29917377		0	0	-1	gssvL43587	6	19585	0.00030636	gnomAD-SV_v2.1_DEL_16_153644	20514	3	0	0.00014600000577047467	0.00021699999342672527	gnomAD-SV_v2.1_DUP_16_41951;gnomAD-SV_v2.1_INV_16_713	16:29651706-30199578	0	0	1	0.001183432			-1	16:24121263-80276578_INV;16:29238284-88227116_INV;16:29747730-31621510_INV													0.0000												30.55	-2.62354415217069	-2.45610978916915	-2.47162789907313	1.30206043384577	2.34036061423098	0.365357407360466						2
16_29673954_30198600_DEL_1	16	29673954	30198600	-524646	DEL	split	C16orf54	NM_175900	675	3526	txStart-txEnd	5'UTR-3'UTR	29753785	29757311		0	0	-1	gssvL43587	6	19585	0.00030636	gnomAD-SV_v2.1_DEL_16_153644	20514	3	0	0.00014600000577047467	0.00021699999342672527	gnomAD-SV_v2.1_DUP_16_41951;gnomAD-SV_v2.1_INV_16_713	16:29651706-30199578	0	0	1	0.001183432		16:29733805-29788740_DEL	5.94e-05	16:24121263-80276578_INV;16:29238284-88227116_INV;16:29747730-31621510_INV													0.0000												82.71				0.0373147418891006	0.741506874068571	0.668065471565811						2
16_29673954_30198600_DEL_1	16	29673954	30198600	-524646	DEL	split	C16orf92	NM_001353379	471	4403	txStart-txEnd	5'UTR-3'UTR	30034654	30039057		0	0	-1	gssvL43587	6	19585	0.00030636	gnomAD-SV_v2.1_DEL_16_153644	20514	3	0	0.00014600000577047467	0.00021699999342672527	gnomAD-SV_v2.1_DUP_16_41951;gnomAD-SV_v2.1_INV_16_713	16:29651706-30199578	0	0	1	0.001183432			-1	16:24121263-80276578_INV;16:29238284-88227116_INV;16:29747730-31621510_INV													0.0000												82.62	-2.62354415217069	-2.43371745656749	-2.47162789907313	-0.126094300930014	-0.153257074839843	0.0164962957031022						2
16_29673954_30198600_DEL_1	16	29673954	30198600	-524646	DEL	split	CDIPT	NM_006319	642	4870	txStart-txEnd	5'UTR-3'UTR	29869677	29874547		0	0	-1	gssvL43587	6	19585	0.00030636	gnomAD-SV_v2.1_DEL_16_153644	20514	3	0	0.00014600000577047467	0.00021699999342672527	gnomAD-SV_v2.1_DUP_16_41951;gnomAD-SV_v2.1_INV_16_713	16:29651706-30199578	0	0	1	0.001183432			-1	16:24121263-80276578_INV;16:29238284-88227116_INV;16:29747730-31621510_INV													0.0000												9.03	-2.46852341774496	-2.04615348613142	-2.12863372747475	0.661106020960154	0.995310760166666	0.527790055011328						2
16_29673954_30198600_DEL_1	16	29673954	30198600	-524646	DEL	split	CDIPTOSP	NR_024370	0	4371	txStart-txEnd	UTR	29875003	29879374		0	0	-1	gssvL43587	6	19585	0.00030636	gnomAD-SV_v2.1_DEL_16_153644	20514	3	0	0.00014600000577047467	0.00021699999342672527	gnomAD-SV_v2.1_DUP_16_41951;gnomAD-SV_v2.1_INV_16_713	16:29651706-30199578	0	0	1	0.001183432			-1	16:24121263-80276578_INV;16:29238284-88227116_INV;16:29747730-31621510_INV													0.0000																								2
16_29673954_30198600_DEL_1	16	29673954	30198600	-524646	DEL	split	CORO1A	NM_001193333	636	3870	txStart-intron6	5'UTR-CDS	30194730	30198600	gssvG14555	3	68	0.04411765	gssvL43587	6	19585	0.00030636	gnomAD-SV_v2.1_DEL_16_153644	20514	3	0	0.00014600000577047467	0.00021699999342672527	gnomAD-SV_v2.1_DUP_16_41951;gnomAD-SV_v2.1_INV_16_713	16:29651706-30199578	0	0	1	0.001183432			-1	16:24121263-80276578_INV;16:29238284-88227116_INV;16:29747730-31621510_INV;16:30150443-68035917_INV													0.4732	Global developmental delay / Immunodeficiency 8				30	0						26.02	-2.62354415217069	-2.16123025527692	-2.25935907874606	-0.773404470095145	3.67083387153639	0.986226611102243	605000	Immunodeficiency 8, 615401 (3)	AR	yes		4
16_29673954_30198600_DEL_1	16	29673954	30198600	-524646	DEL	split	DOC2A	NM_001282062	1203	8083	txStart-txEnd	5'UTR-3'UTR	30016834	30024917		0	0	-1	gssvL43587	6	19585	0.00030636	gnomAD-SV_v2.1_DEL_16_153644	20514	3	0	0.00014600000577047467	0.00021699999342672527	gnomAD-SV_v2.1_DUP_16_41951;gnomAD-SV_v2.1_INV_16_713	16:29651706-30199578	0	0	1	0.001183432			-1	16:24121263-80276578_INV;16:29238284-88227116_INV;16:29747730-31621510_INV	DOC2A												0.0000												40.14	-2.62354415217069	-2.14881170795588	-2.2123156220133	-0.471287897251568	1.2609402996011	0.0124743587218511						2
16_29673954_30198600_DEL_1	16	29673954	30198600	-524646	DEL	split	GDPD3	NM_024307	957	8728	txStart-txEnd	5'UTR-3'UTR	30116130	30124858		0	0	-1	gssvL43587	6	19585	0.00030636	gnomAD-SV_v2.1_DEL_16_153644	20514	3	0	0.00014600000577047467	0.00021699999342672527	gnomAD-SV_v2.1_DUP_16_41951;gnomAD-SV_v2.1_INV_16_713	16:29651706-30199578	0	0	1	0.001183432			-1	16:24121263-80276578_INV;16:29238284-88227116_INV;16:29747730-31621510_INV													0.0000												65.78	-2.62354415217069	-2.36967822433667	-2.29618117441888	0.377408822838508	0.41125348959428	1.29000747243627e-05						2
16_29673954_30198600_DEL_1	16	29673954	30198600	-524646	DEL	split	HIRIP3	NM_003609	1671	3288	txStart-txEnd	5'UTR-3'UTR	30003650	30006938		0	0	-1	gssvL43587	6	19585	0.00030636	gnomAD-SV_v2.1_DEL_16_153644	20514	3	0	0.00014600000577047467	0.00021699999342672527	gnomAD-SV_v2.1_DUP_16_41951;gnomAD-SV_v2.1_INV_16_713	16:29651706-30199578	0	0	1	0.001183432			-1	16:24121263-80276578_INV;16:29238284-88227116_INV;16:29747730-31621510_INV													0.0000												57.99	-2.62354415217069	-2.13557446304888	-2.20909679541953	0.524800053546977	-0.838555918478176	0.0112282081474635						2
16_29673954_30198600_DEL_1	16	29673954	30198600	-524646	DEL	split	INO80E	NM_173618	735	9551	txStart-txEnd	5'UTR-3'UTR	30007561	30017112		0	0	-1	gssvL43587	6	19585	0.00030636	gnomAD-SV_v2.1_DEL_16_153644	20514	3	0	0.00014600000577047467	0.00021699999342672527	gnomAD-SV_v2.1_DUP_16_41951;gnomAD-SV_v2.1_INV_16_713	16:29651706-30199578	0	0	1	0.001183432			-1	16:24121263-80276578_INV;16:29238284-88227116_INV;16:29747730-31621510_INV	HIRIP3												0.0000												20.37	-2.62354415217069	-2.29355193794557	-2.40374742476006	-0.0916172512004301	-0.139176912286956	0.0714533875521701						2
16_29673954_30198600_DEL_1	16	29673954	30198600	-524646	DEL	split	KCTD13	NM_178863	990	19887	txStart-txEnd	5'UTR-3'UTR	29917660	29937547		0	0	-1	gssvL43587	6	19585	0.00030636	gnomAD-SV_v2.1_DEL_16_153644	20514	3	0	0.00014600000577047467	0.00021699999342672527	gnomAD-SV_v2.1_DUP_16_41951;gnomAD-SV_v2.1_INV_16_713	16:29651706-30199578	0	0	1	0.001183432			-1	16:24121263-80276578_INV;16:29238284-88227116_INV;16:29747730-31621510_INV													0.0000												53.83	-2.62354415217069	-2.41321993753729	-2.47162789907313	1.58214426915499	2.84237477135086	0.749678133952775						2
16_29673954_30198600_DEL_1	16	29673954	30198600	-524646	DEL	split	KIF22	NM_007317	1998	14634	txStart-txEnd	5'UTR-3'UTR	29802071	29816705		0	0	-1	gssvL43587	6	19585	0.00030636	gnomAD-SV_v2.1_DEL_16_153644	20514	3	0	0.00014600000577047467	0.00021699999342672527	gnomAD-SV_v2.1_DUP_16_41951;gnomAD-SV_v2.1_INV_16_713	16:29651706-30199578	0	0	1	0.001183432			-1	16:24121263-80276578_INV;16:29238284-88227116_INV;16:29747730-31621510_INV													0.4732	Global developmental delay / Spondyloepimetaphyseal dysplasia with multiple dislocations						confirmed	monoallelic	activating	SPONDYLOEPIMETAPHYSEAL DYSPLASIA WITH JOINT LAXITY, TYPE 2	22152678;19277648	33.8	-2.62354415217069	-2.257732658749	-2.11808974530067	-0.0926627434441371	0.839311002321975	0.000259102213335894	603213	Spondyloepimetaphyseal dysplasia with joint laxity, type 2, 603546 (3)	AD	yes		4
16_29673954_30198600_DEL_1	16	29673954	30198600	-524646	DEL	split	LOC101928595	NR_135192	0	9027	txStart-txEnd	UTR	30107750	30116777		0	0	-1	gssvL43587	6	19585	0.00030636	gnomAD-SV_v2.1_DEL_16_153644	20514	3	0	0.00014600000577047467	0.00021699999342672527	gnomAD-SV_v2.1_DUP_16_41951;gnomAD-SV_v2.1_INV_16_713	16:29651706-30199578	0	0	1	0.001183432			-1	16:24121263-80276578_INV;16:29238284-88227116_INV;16:29747730-31621510_INV																																					2
16_29673954_30198600_DEL_1	16	29673954	30198600	-524646	DEL	split	LOC112694756	NM_001365304	420	17331	txStart-txEnd	5'UTR-3'UTR	30064410	30081741		0	0	-1	gssvL43587	6	19585	0.00030636	gnomAD-SV_v2.1_DEL_16_153644	20514	3	0	0.00014600000577047467	0.00021699999342672527	gnomAD-SV_v2.1_DUP_16_41951;gnomAD-SV_v2.1_INV_16_713	16:29651706-30199578	0	0	1	0.001183432			-1	16:24121263-80276578_INV;16:29238284-88227116_INV;16:29747730-31621510_INV	ALDOA																																				2
16_29673954_30198600_DEL_1	16	29673954	30198600	-524646	DEL	split	MAPK3	NM_002746	1140	9116	txStart-txEnd	5'UTR-3'UTR	30125425	30134541		0	0	-1	gssvL43587	6	19585	0.00030636	gnomAD-SV_v2.1_DEL_16_153644	20514	3	0	0.00014600000577047467	0.00021699999342672527	gnomAD-SV_v2.1_DUP_16_41951;gnomAD-SV_v2.1_INV_16_713	16:29651706-30199578	0	0	1	0.001183432			-1	16:24121263-80276578_INV;16:29238284-88227116_INV;16:29747730-31621510_INV													0.0000												1.15	-2.62354415217069	-2.23637326201794	-2.36791326553766	1.11515461154723	2.82809210195004	0.926362439436612						4
16_29673954_30198600_DEL_1	16	29673954	30198600	-524646	DEL	split	MAZ	NM_001042539	1482	4636	txStart-txEnd	5'UTR-3'UTR	29817849	29822485		0	0	-1	gssvL43587	6	19585	0.00030636	gnomAD-SV_v2.1_DEL_16_153644;gnomAD-SV_v2.1_DEL_16_153679	20514;14702	3;17	0;0	0.001155999954789877	0.00228299992159009	gnomAD-SV_v2.1_DUP_16_41951;gnomAD-SV_v2.1_INV_16_713	16:29651706-30199578	0	0	1	0.001183432			-1	16:24121263-80276578_INV;16:29238284-88227116_INV;16:29747730-31621510_INV													0.0000												44.56				-0.281158648003807	3.59554715223363	0.942609945564316						4
16_29673954_30198600_DEL_1	16	29673954	30198600	-524646	DEL	split	MVP	NM_017458	2682	27646	txStart-txEnd	5'UTR-3'UTR	29831714	29859360		0	0	-1	gssvL43587	6	19585	0.00030636	gnomAD-SV_v2.1_DEL_16_153644	20514	3	0	0.00014600000577047467	0.00021699999342672527	gnomAD-SV_v2.1_DUP_16_41951;gnomAD-SV_v2.1_INV_16_713	16:29651706-30199578	0	0	1	0.001183432			-1	16:24121263-80276578_INV;16:29238284-88227116_INV;16:29747730-31621510_INV	MVP	deletion	nssv15131534	Likely pathogenic									0.0000												33.29	-2.62354415217069	-2.00043953038872	-2.15187242325993	-0.444174031160893	2.05168869064585	0.00336449056395047	157700	Mitral valve prolapse, myxomatous 1, 157700 (2)	AD			5
16_29673954_30198600_DEL_1	16	29673954	30198600	-524646	DEL	split	PAGR1	NM_024516	765	6338	txStart-txEnd	5'UTR-3'UTR	29827472	29833810		0	0	-1	gssvL43587	6	19585	0.00030636	gnomAD-SV_v2.1_DEL_16_153644	20514	3	0	0.00014600000577047467	0.00021699999342672527	gnomAD-SV_v2.1_DUP_16_41951;gnomAD-SV_v2.1_INV_16_713	16:29651706-30199578	0	0	1	0.001183432			-1	16:24121263-80276578_INV;16:29238284-88227116_INV;16:29747730-31621510_INV	MVP												0.0000												46.25	-2.62354415217069	-2.21865339673884	-2.35630767713737	1.59049659620789	1.3907248999082	0.474755749893486						2
16_29673954_30198600_DEL_1	16	29673954	30198600	-524646	DEL	split	PPP4C	NM_001303503	924	9383	txStart-txEnd	5'UTR-3'UTR	30087314	30096697		0	0	-1	gssvL43587	6	19585	0.00030636	gnomAD-SV_v2.1_DEL_16_153644	20514	3	0	0.00014600000577047467	0.00021699999342672527	gnomAD-SV_v2.1_DUP_16_41951;gnomAD-SV_v2.1_INV_16_713	16:29651706-30199578	0	0	1	0.001183432			-1	16:24121263-80276578_INV;16:29238284-88227116_INV;16:29747730-31621510_INV													0.0000												11.34	-2.62354415217069	-2.00691354917691	-2.08807907039168	-0.0250420508775295	4.40265726840975	0.680561064423589						2
16_29673954_30198600_DEL_1	16	29673954	30198600	-524646	DEL	split	PRRT2	NM_001256442	1185	3689	txStart-txEnd	5'UTR-3'UTR	29823513	29827202		0	0	-1	gssvL43587	6	19585	0.00030636	gnomAD-SV_v2.1_DEL_16_153644	20514	3	0	0.00014600000577047467	0.00021699999342672527	gnomAD-SV_v2.1_DUP_16_41951;gnomAD-SV_v2.1_INV_16_713	16:29651706-30199578	0	0	1	0.001183432			-1	16:24121263-80276578_INV;16:29238284-88227116_INV;16:29747730-31621510_INV		copy_number_gain;copy_number_loss;deletion	nssv15124092;nssv15124410;nssv15130863;nssv15770221;nssv16215064	Pathogenic									0.2276	Familial or sporadic hemiplegic migraine / Hypopigmented skin patches / Pigmentary retinopathy						confirmed/confirmed	biallelic/monoallelic	loss of function/loss of function	AUTOSOMAL RECESSIVE MENTAL RETARDATION/BENIGN FAMILIAL INFANTILE EPILEPSY AND INFANTILE CONVULSIONS WITH CHOREOATHETOSIS SYNDROME	21937992/22243967;22744660;22543779	70.09				0.101012438312479	0.656836163951254	0.266091490936521	614386	Episodic kinesigenic dyskinesia 1, 128200 (3)/ Seizures, benign familial infantile, 2, 605751 (3)/ Convulsions, familial infantile, with paroxysmal choreoathetosis, 602066 (3)	AD	yes		5
16_29673954_30198600_DEL_1	16	29673954	30198600	-524646	DEL	split	QPRT	NM_014298	894	19520	txStart-txEnd	5'UTR-3'UTR	29690500	29710020		0	0	-1	gssvL43587	6	19585	0.00030636	gnomAD-SV_v2.1_DEL_16_153644	20514	3	0	0.00014600000577047467	0.00021699999342672527	gnomAD-SV_v2.1_DUP_16_41951;gnomAD-SV_v2.1_INV_16_713	16:29651706-30199578	0	0	1	0.001183432			-1	16:24121263-80276578_INV;16:29238284-88227116_INV													0.0000												70.35	-1.72971111424726	-2.53125239294469	-2.31933751171176	1.0279777478437	1.66307640138615	0.558181495757962						2
16_29673954_30198600_DEL_1	16	29673954	30198600	-524646	DEL	split	SEZ6L2	NM_001243332	2772	28106	txStart-txEnd	5'UTR-3'UTR	29882479	29910585		0	0	-1	gssvL43587	6	19585	0.00030636	gnomAD-SV_v2.1_DEL_16_153644	20514	3	0	0.00014600000577047467	0.00021699999342672527	gnomAD-SV_v2.1_DUP_16_41951;gnomAD-SV_v2.1_INV_16_713	16:29651706-30199578	0	0	1	0.001183432			-1	16:24121263-80276578_INV;16:29238284-88227116_INV;16:29747730-31621510_INV													0.0000												34.58	-2.62354415217069	-2.06551921125911	-2.06499383418949	1.12774909806703	1.87642872271229	0.231880829739311						2
16_29673954_30198600_DEL_1	16	29673954	30198600	-524646	DEL	split	SPN	NM_001030288	1203	7923	txStart-txEnd	5'UTR-3'UTR	29674270	29682193		0	0	-1	gssvL43587	6	19585	0.00030636	gnomAD-SV_v2.1_DEL_16_153644	20514	3	0	0.00014600000577047467	0.00021699999342672527	gnomAD-SV_v2.1_DUP_16_41937;gnomAD-SV_v2.1_DUP_16_41951;gnomAD-SV_v2.1_INV_16_713	16:29651706-30199578	0	0	1	0.001183432			-1	16:24121263-80276578_INV;16:29238284-88227116_INV													0.0000												98.75				0.625957912671275	0.0596876270390639	0.0856427545326677	602635	Mental retardation, AD 24, 615828 (3)/ ?Dyskinesia, seizures, and intellectual developmental disorder, 617171 (3)	AD/AR	yes	yes	4
16_29673954_30198600_DEL_1	16	29673954	30198600	-524646	DEL	split	TAOK2	NM_016151	3708	14526	txStart-txEnd	5'UTR-3'UTR	29985188	29999714		0	0	-1	gssvL43587	6	19585	0.00030636	gnomAD-SV_v2.1_DEL_16_153644	20514	3	0	0.00014600000577047467	0.00021699999342672527	gnomAD-SV_v2.1_DUP_16_41951;gnomAD-SV_v2.1_INV_16_713	16:29651706-30199578	0	0	1	0.001183432			-1	16:24121263-80276578_INV;16:29238284-88227116_INV;16:29747730-31621510_INV													0.0000												27.93	-2.62354415217069	-2.53125239294469	-2.47162789907313	-1.34707716304926	3.92012986614013	0.999144075970291						4
16_29673954_30198600_DEL_1	16	29673954	30198600	-524646	DEL	split	TBX6	NM_004608	1311	6091	txStart-txEnd	5'UTR-3'UTR	30097114	30103205		0	0	-1	gssvL43587	6	19585	0.00030636	gnomAD-SV_v2.1_DEL_16_153644	20514	3	0	0.00014600000577047467	0.00021699999342672527	gnomAD-SV_v2.1_DUP_16_41951;gnomAD-SV_v2.1_DUP_16_41957;gnomAD-SV_v2.1_INV_16_713	16:29651706-30199578	0	0	1	0.001183432			-1	16:24121263-80276578_INV;16:29238284-88227116_INV;16:29747730-31621510_INV													0.0000												18.09	-2.62354415217069	-2.23532581141121	-2.38541186252714	0.046547883582842	0.358678157284927	0.350778022140491	602427	Spondylocostal dysostosis 5, 122600 (3)	AR, AD	yes		4
16_29673954_30198600_DEL_1	16	29673954	30198600	-524646	DEL	split	TLCD3B	NM_001352173	1083	12104	txStart-txEnd	5'UTR-3'UTR	30035747	30047851		0	0	-1	gssvL43587	6	19585	0.00030636	gnomAD-SV_v2.1_DEL_16_153644	20514	3	0	0.00014600000577047467	0.00021699999342672527	gnomAD-SV_v2.1_DUP_16_41951;gnomAD-SV_v2.1_INV_16_713	16:29651706-30199578	0	0	1	0.001183432			-1	16:24121263-80276578_INV;16:29238284-88227116_INV;16:29747730-31621510_INV	TLCD3B												0.0000																								2
16_29673954_30198600_DEL_1	16	29673954	30198600	-524646	DEL	split	TMEM219	NM_001083613	723	10970	txStart-txEnd	5'UTR-3'UTR	29973399	29984369		0	0	-1	gssvL43587	6	19585	0.00030636	gnomAD-SV_v2.1_DEL_16_153644;gnomAD-SV_v2.1_DEL_16_153688	20514;20420	3;1	0;0	0.00014600000577047467	0.00021699999342672527	gnomAD-SV_v2.1_DUP_16_41951;gnomAD-SV_v2.1_INV_16_713	16:29651706-30199578	0	0	1	0.001183432			-1	16:24121263-80276578_INV;16:29238284-88227116_INV;16:29747730-31621510_INV													0.0000												44.47	-2.62354415217069	-1.83657646193973	-1.97546823234909	-0.433977176436205	0.470606893078852	0.000779017490503371						2
16_29673954_30198600_DEL_1	16	29673954	30198600	-524646	DEL	split	YPEL3	NM_031477	474	3900	txStart-txEnd	5'UTR-3'UTR	30103634	30107534		0	0	-1	gssvL43587	6	19585	0.00030636	gnomAD-SV_v2.1_DEL_16_153644	20514	3	0	0.00014600000577047467	0.00021699999342672527	gnomAD-SV_v2.1_DUP_16_41951;gnomAD-SV_v2.1_DUP_16_41957;gnomAD-SV_v2.1_DUP_16_41958;gnomAD-SV_v2.1_INV_16_713	16:29651706-30199578	0	0	1	0.001183432			-1	16:24121263-80276578_INV;16:29238284-88227116_INV;16:29747730-31621510_INV													0.0000												29.12	-2.62354415217069	-2.32238481239388	-2.47162789907313	0.938170021359629	2.39958422026242	0.11071805108297						2
16_29673954_30198600_DEL_1	16	29673954	30198600	-524646	DEL	split	ZG16	NM_152338	504	4718	txStart-txEnd	5'UTR-3'UTR	29789576	29794294		0	0	-1	gssvL43587	6	19585	0.00030636	gnomAD-SV_v2.1_DEL_16_153644	20514	3	0	0.00014600000577047467	0.00021699999342672527	gnomAD-SV_v2.1_DUP_16_41951;gnomAD-SV_v2.1_INV_16_713	16:29651706-30199578	0	0	1	0.001183432			-1	16:24121263-80276578_INV;16:29238284-88227116_INV;16:29747730-31621510_INV													0.0000												65.67												2
22_25664618_25892253_DEL_1	22	25664618	25892253	-227635	DEL	full	CRYBB2P1/IGLL3P/LRP5L/MIR6817								gssvG24410	820	25160	0.03259141	gssvL77402	634	29178	0.02172870	gnomAD-SV_v2.1_DEL_22_181785	21502	220	1	0.010324999690055847	0.015085999853909016	gnomAD-SV_v2.1_DUP_22_51062;gnomAD-SV_v2.1_DUP_22_51065;gnomAD-SV_v2.1_DUP_22_51068;gnomAD-SV_v2.1_DUP_22_51069;gnomAD-SV_v2.1_INV_22_832	22:25657523-25952399	33	0.039053254	16	0.018934911	<CN0>/<CN3>		-1	22:23936372-25831822_INV;22:23938396-25829847_INV;22:23940078-25828149_INV;22:23944194-25824104_INV	CRYBB2P1/IGLL3P/LRP5L/MIR6817				22:25720001-26360000;22:25720001-26960000;22:25720001-29240000;22:25720001-29880000	ENCFF531PAV:ENCFF931RKD	0.430	0.400	22:25664320-25664690	LTR16E2			0.0000												82.59				-0.703492279587858	-1.10814901222153	2.095487743372e-11						1
22_25664618_25892253_DEL_1	22	25664618	25892253	-227635	DEL	split	CRYBB2P1	NR_033733	0	13592	txStart-txEnd	UTR	25844053	25857645	gssvG24410	820	25160	0.03259141	gssvL77402,gssvL77404,gssvL77407	653	29178	0.02237988	gnomAD-SV_v2.1_DEL_22_181785	21502	220	1	0.010324999690055847	0.015085999853909016	gnomAD-SV_v2.1_DUP_22_51062;gnomAD-SV_v2.1_DUP_22_51065;gnomAD-SV_v2.1_DUP_22_51068;gnomAD-SV_v2.1_DUP_22_51069;gnomAD-SV_v2.1_DUP_22_51082;gnomAD-SV_v2.1_DUP_22_51083;gnomAD-SV_v2.1_INV_22_832	22:25657523-25952399;22:25790859-25911288	33	0.039053254	16	0.018934911	<CN0>/<CN2>/<CN3>		-1	22:25819260-25860727_DUP;22:25841218-25860763_DUP	MIR6817												0.0000																								1
22_25664618_25892253_DEL_1	22	25664618	25892253	-227635	DEL	split	IGLL3P	NR_029395	0	1970	txStart-txEnd	UTR	25714223	25716193	gssvG24410,gssvG24416,gssvG24415	877	25160	0.03485692	gssvL77402,gssvL77408,gssvL77406	650	29209	0.02225342	gnomAD-SV_v2.1_DEL_22_181785	21502	220	1	0.010324999690055847	0.015085999853909016	gnomAD-SV_v2.1_DUP_22_51062;gnomAD-SV_v2.1_DUP_22_51065;gnomAD-SV_v2.1_DUP_22_51068;gnomAD-SV_v2.1_DUP_22_51069;gnomAD-SV_v2.1_DUP_22_51070;gnomAD-SV_v2.1_INV_22_832	22:25657523-25952399;22:25670559-25774964	33	0.039053254	16	0.018934911	<CN0>/<CN2>		-1	22:23915701-25715925_INV;22:23936372-25831822_INV;22:23938396-25829847_INV;22:23940078-25828149_INV;22:23944194-25824104_INV;22:23981240-25715764_INV													0.0000																								1
22_25664618_25892253_DEL_1	22	25664618	25892253	-227635	DEL	split	LRP5L	NM_001135772	759	53991	txStart-txEnd	5'UTR-3'UTR	25747384	25801375	gssvG24410,gssvG24415	846	25160	0.03362480	gssvL77402	634	29178	0.02172870	gnomAD-SV_v2.1_DEL_22_181785	21502	220	1	0.010324999690055847	0.015085999853909016	gnomAD-SV_v2.1_DUP_22_51062;gnomAD-SV_v2.1_DUP_22_51065;gnomAD-SV_v2.1_DUP_22_51068;gnomAD-SV_v2.1_DUP_22_51069;gnomAD-SV_v2.1_DUP_22_51070;gnomAD-SV_v2.1_INV_22_832	22:25657523-25952399	33	0.039053254	16	0.018934911	<CN0>/<CN3>		-1	22:23936372-25831822_INV;22:23938396-25829847_INV;22:23940078-25828149_INV;22:23944194-25824104_INV	LRP5L												0.0000												82.59				-0.703492279587858	-1.10814901222153	2.095487743372e-11						1
22_25664618_25892253_DEL_1	22	25664618	25892253	-227635	DEL	split	MIR6817	NR_106875	0	66	txStart-txEnd	UTR	25851612	25851678	gssvG24410	820	25160	0.03259141	gssvL77402,gssvL77404,gssvL77407	653	29178	0.02237988	gnomAD-SV_v2.1_DEL_22_181785;gnomAD-SV_v2.1_DEL_22_181800	21502;21640	220;216	1;1	0.010324999690055847	0.015085999853909016	gnomAD-SV_v2.1_DUP_22_51062;gnomAD-SV_v2.1_DUP_22_51065;gnomAD-SV_v2.1_DUP_22_51068;gnomAD-SV_v2.1_DUP_22_51069;gnomAD-SV_v2.1_DUP_22_51082;gnomAD-SV_v2.1_DUP_22_51083;gnomAD-SV_v2.1_DUP_22_51084;gnomAD-SV_v2.1_INV_22_832	22:25657523-25952399;22:25790859-25911288	33	0.039053254	16	0.018934911	<CN0>/<CN2>/<CN3>		-1	22:25819260-25860727_DUP;22:25841218-25860763_DUP													0.0000																								1
3_22504366_22646787_DUP_1	3	22504366	22646787	142421	DUP	full										0	0	-1		0	0	-1					-1	-1	gnomAD-SV_v2.1_INV_3_143			-1		-1			-1	3:1200530-154949082_INV;3:3474090-77824459_INV							0.360	0.415			3:22646383-22646690	MLT2C1																									2
6_32485173_32604038_DEL_1	6	32485173	32604038	-118865	DEL	full	HLA-DRB1/HLA-DRB5/HLA-DRB6								gssvG32080,gssvG32082,gssvG32088,gssvG32083	146	22421	0.00651175	gssvL106255,gssvL106253,gssvL106259	3217	24227	0.13278573					-1	-1		6:32424441-32685274;6:32474420-32578938	175	0.207100592	297	0.35147929			-1	6:18151823-168174514_INV;6:26743911-58149585_INV;6:26744418-58149879_INV;6:26745293-58149309_INV	HLA-DRB1/HLA-DRB5/HLA-DRB6						0.365	0.295	6:32484974-32485094	L1MA8			0.8720												73.74				2.33694785555354	2.09239551786697	0.0404966694543215	142857				yes	3
6_32485173_32604038_DEL_1	6	32485173	32604038	-118865	DEL	split	HLA-DRB1	NM_002124	801	11068	txStart-txEnd	5'UTR-3'UTR	32546545	32557613	gssvG32080,gssvG32082,gssvG32088,gssvG32083,gssvG32106,gssvG32092	505	22696	0.02225062	gssvL106255,gssvL106253,gssvL106259,gssvL106265,gssvL106262,gssvL106272,gssvL106286	3953	26593	0.14864814					-1	-1		6:32424441-32685274;6:32474420-32578938;6:32549807-32557632	175	0.207100592	297	0.35147929		6:32497928-32557246_DEL	0.1073	6:32440519-32556735_DUP;6:18151823-168174514_INV;6:26743911-58149585_INV;6:26744418-58149879_INV;6:26745293-58149309_INV													0.8720	Cafe-au-lait spot / Hypopigmented skin patches / Limited cutaneous systemic sclerosis / Skin ulcer											68.49				1.5451288473839	2.09239551786697	0.0404966694543215	142857	(Sarcoidosis, susceptibility to, 1), 181000 (3)/ (Multiple sclerosis, susceptibility to, 1), 126200 (3)	AD/Multifactorial		yes	3
6_32485173_32604038_DEL_1	6	32485173	32604038	-118865	DEL	split	HLA-DRB5	NM_002125	801	12891	txStart-exon6	5'UTR-3'UTR	32485173	32498064	gssvG32084,gssvG32080,gssvG32082,gssvG32091,gssvG32097	444	20801	0.02134513	gssvL106257,gssvL106255,gssvL106253,gssvL106260,gssvL106264,gssvL106259,gssvL106288	4116	26725	0.15401310					-1	-1		6:32424441-32685274;6:32474420-32578938;6:32486208-32501065	175	0.207100592	297	0.35147929		6:32442260-32498857_DEL;6:32450333-32538671_DEL;6:32481187-32543990_DEL	0.4167	6:32440519-32556735_DUP;6:32451354-32501974_DUP;6:32453498-32540891_DUP;6:32453610-32514661_DUP;6:32469041-32508606_DUP;6:32470277-32509769_DUP;6:32471691-32510195_DUP;6:32483887-32520487_DUP;6:32485797-32522583_DUP;6:18151823-168174514_INV;6:26743911-58149585_INV;6:26744418-58149879_INV;6:26745293-58149309_INV													0.0000												73.74				2.33694785555354	0.996588079530003	0.0024242753703753						1
6_32485173_32604038_DEL_1	6	32485173	32604038	-118865	DEL	split	HLA-DRB6	NR_001298	0	7290	txStart-txEnd	UTR	32520489	32527779	gssvG32084,gssvG32080,gssvG32082,gssvG32090,gssvG32088,gssvG32083,gssvG32096	478	22438	0.02130315	gssvL106257,gssvL106255,gssvL106253,gssvL106259,gssvL106266,gssvL106269,gssvL106265	4431	24301	0.18233818					-1	-1		6:32424441-32685274;6:32474420-32578938	175	0.207100592	297	0.35147929		6:32450333-32538671_DEL;6:32481187-32543990_DEL;6:32489618-32552339_DEL;6:32497928-32557246_DEL;6:32519240-32545084_DEL;6:32521434-32549184_DEL	0.4167	6:32440519-32556735_DUP;6:32453498-32540891_DUP;6:18151823-168174514_INV;6:26743911-58149585_INV;6:26744418-58149879_INV;6:26745293-58149309_INV													0.0000																								1
